{
  "swagger" : "2.0",
  "info" : {
    "title" : "CardInquiryService",
    "version" : "1.0.0",
    "description" : "CardInquiryService"
  },
  "paths" : {
    "/inquire/statement" : {
      "post" : {
        "operationId" : "InquireStatement",
        "responses" : {
          "200" : {
            "description" : "The operation was successful."
          }
        },
        "consumes" : [ "application/json" ],
        "produces" : [ "application/json" ],
        "description" : "Inquire card statement",
        "parameters" : [ {
          "name" : "body",
          "in" : "body",
          "schema" : {
            "$ref" : "#/definitions/CreditCardStatementInquiryRequest"
          },
          "description" : "The request body for the operation",
          "required" : true
        } ]
      }
    },
    "/inquire/bill" : {
      "post" : {
        "operationId" : "InquireBill",
        "responses" : {
          "200" : {
            "description" : "The operation was successful."
          }
        },
        "consumes" : [ "application/json" ],
        "produces" : [ "application/json" ],
        "description" : "Inquire card bill",
        "parameters" : [ {
          "name" : "body",
          "in" : "body",
          "schema" : {
            "$ref" : "#/definitions/CreditCardBillInquiryRequest"
          },
          "description" : "The request body for the operation",
          "required" : true
        } ]
      }
    },
    "/inquire/cardStatus" : {
      "post" : {
        "operationId" : "InquireCardStatus",
        "responses" : {
          "200" : {
            "description" : "The operation was successful."
          }
        },
        "consumes" : [ "application/json" ],
        "produces" : [ "application/json" ],
        "description" : "Inquire for credit card status",
        "parameters" : [ {
          "name" : "body",
          "in" : "body",
          "schema" : {
            "$ref" : "#/definitions/CreditCardStatusInquiryRequest"
          },
          "description" : "The request body for the operation",
          "required" : true
        } ]
      }
    },
    "/inquire/cardDetails" : {
      "post" : {
        "operationId" : "InquireCardDetails",
        "responses" : {
          "200" : {
            "description" : "The operation was successful."
          }
        },
        "consumes" : [ "application/json" ],
        "produces" : [ "application/json" ],
        "description" : "Inquire for card details",
        "parameters" : [ {
          "name" : "body",
          "in" : "body",
          "schema" : {
            "$ref" : "#/definitions/CreditCardDetailsInquiryRequest"
          },
          "description" : "The request body for the operation",
          "required" : true
        } ]
      }
    },
    "/inquire/cardTransactionDetails" : {
      "post" : {
        "operationId" : "InquireCardTransactionDetails",
        "responses" : {
          "200" : {
            "description" : "The operation was successful.",
            "schema" : {
              "$ref" : "#/definitions/CardTransactionDetailResponse"
            }
          }
        },
        "consumes" : [ "application/json" ],
        "produces" : [ "application/json" ],
        "description" : "Inquire for card transaction details",
        "parameters" : [ {
          "name" : "body",
          "in" : "body",
          "schema" : {
            "$ref" : "#/definitions/CardTransactionDetailRequest"
          },
          "description" : "The request body for the operation",
          "required" : true
        } ]
      }
    }
  },
  "basePath" : "/creditcardinquiry/v1",
  "definitions" : {
    "AuthenticationInfo" : {
      "type" : "object",
      "properties" : {
        "authenticationType" : {
          "type" : "string"
        },
        "username" : {
          "type" : "string"
        },
        "password" : {
          "type" : "string"
        },
        "authKey" : {
          "type" : "string"
        }
      },
      "required" : [ "username", "authenticationType" ]
    },
    "AccountIdentifier" : {
      "type" : "object",
      "properties" : {
        "accountNumber" : {
          "type" : "string"
        },
        "cnic" : {
          "type" : "string"
        },
        "iban" : {
          "type" : "string"
        }
      }
    },
    "Address" : {
      "type" : "object",
      "properties" : {
        "country" : {
          "type" : "string"
        },
        "state" : {
          "type" : "string"
        },
        "city" : {
          "type" : "string"
        },
        "zipCode" : {
          "type" : "string"
        },
        "addressLine" : {
          "type" : "string"
        }
      },
      "required" : [ "country", "state", "city", "zipCode", "addressLine" ]
    },
    "Bank" : {
      "type" : "object",
      "properties" : {
        "name" : {
          "type" : "string"
        },
        "bankIMD" : {
          "type" : "string"
        }
      },
      "required" : [ "name", "bankIMD" ]
    },
    "BankBranch" : {
      "type" : "object",
      "properties" : {
        "bankInfo" : {
          "$ref" : "#/definitions/Bank"
        },
        "branchCode" : {
          "type" : "string"
        },
        "branchName" : {
          "type" : "string"
        },
        "telephoneNumber" : {
          "type" : "string"
        },
        "branchAddress" : {
          "$ref" : "#/definitions/Address"
        }
      }
    },
    "BankAccount" : {
      "type" : "object",
      "properties" : {
        "accountId" : {
          "$ref" : "#/definitions/AccountIdentifier"
        },
        "accountTitle" : {
          "type" : "string"
        },
        "accountType" : {
          "type" : "string"
        },
        "accountBalance" : {
          "type" : "number"
        },
        "accountCurrency" : {
          "type" : "string"
        },
        "branchInfo" : {
          "$ref" : "#/definitions/BankBranch"
        }
      },
      "required" : [ "accountTitle", "accountType", "accountBalance", "accountCurrency" ]
    },
    "BankCard" : {
      "type" : "object",
      "properties" : {
        "cardType" : {
          "type" : "string"
        },
        "cardNumber" : {
          "type" : "string"
        },
        "cardIssuer" : {
          "type" : "string"
        },
        "expiryDate" : {
          "type" : "string"
        },
        "cardStatus" : {
          "type" : "string"
        },
        "accountInfo" : {
          "$ref" : "#/definitions/BankAccount"
        }
      }
    },
    "CreditCardTransactions" : {
      "type" : "object",
      "properties" : {
        "Id" : {
          "type" : "string"
        },
        "CardNo" : {
          "type" : "string"
        },
        "StatementDate" : {
          "type" : "string"
        },
        "StatementDueDate" : {
          "type" : "string"
        },
        "MinimumDueDate" : {
          "type" : "string"
        },
        "CurrentBalance" : {
          "type" : "integer"
        },
        "NewBalance" : {
          "type" : "integer"
        },
        "PreviousBalance" : {
          "type" : "integer"
        },
        "TotalCreditLimit" : {
          "type" : "integer"
        },
        "AvailableCreditLimit" : {
          "type" : "integer"
        },
        "CashAdvanceLimit" : {
          "type" : "integer"
        },
        "AvaialbleCashLimit" : {
          "type" : "integer"
        },
        "PaymentReceived" : {
          "type" : "integer"
        }
      }
    },
    "Parameter" : {
      "type" : "object",
      "properties" : {
        "name" : {
          "type" : "string"
        },
        "value" : {
          "type" : "string"
        }
      },
      "required" : [ "name", "value" ]
    },
    "Surcharge" : {
      "type" : "object",
      "properties" : {
        "type" : {
          "type" : "string"
        },
        "amount" : {
          "type" : "number"
        },
        "currency" : {
          "type" : "string"
        },
        "details" : {
          "type" : "string"
        }
      },
      "required" : [ "type", "amount", "currency", "details" ]
    },
    "ServiceHeader" : {
      "type" : "object",
      "properties" : {
        "channel" : {
          "type" : "string"
        },
        "processingType" : {
          "type" : "string"
        },
        "authInfo" : {
          "$ref" : "#/definitions/AuthenticationInfo"
        },
        "parameters" : {
          "$ref" : "#/definitions/Parameter"
        }
      },
      "required" : [ "processingType", "channel" ]
    },
    "TransactionInfo" : {
      "type" : "object",
      "properties" : {
        "transactionType" : {
          "type" : "string"
        },
        "transactionSubType" : {
          "type" : "string"
        },
        "referenceId" : {
          "type" : "string"
        },
        "transactionDate" : {
          "type" : "string"
        },
        "transactionTime" : {
          "type" : "string"
        },
        "stan" : {
          "type" : "string"
        },
        "transmissionDateTime" : {
          "type" : "string"
        },
        "status" : {
          "type" : "string"
        },
        "narration" : {
          "type" : "string"
        },
        "surcharges" : {
          "type" : "array",
          "items" : {
            "$ref" : "#/definitions/Surcharge"
          }
        },
        "attributeList" : {
          "type" : "array",
          "items" : {
            "$ref" : "#/definitions/TransactionAttribute"
          }
        },
        "metaDataList" : {
          "type" : "array",
          "items" : {
            "$ref" : "#/definitions/TransactionAttribute"
          }
        }
      },
      "required" : [ "transactionType", "referenceId", "transactionDate", "transactionTime", "stan", "transmissionDateTime" ]
    },
    "TransactionAttribute" : {
      "type" : "object",
      "properties" : {
        "attributeKey" : {
          "type" : "string"
        },
        "attributeValue" : {
          "type" : "string"
        }
      },
      "required" : [ "attributeKey", "attributeValue" ]
    },
    "ResponseHeader" : {
      "type" : "object",
      "properties" : {
        "responseCode" : {
          "type" : "string"
        },
        "responseDetails" : {
          "type" : "array",
          "items" : {
            "type" : "string"
          }
        }
      },
      "required" : [ "responseCode" ]
    },
    "Payment" : {
      "type" : "object",
      "properties" : {
        "amount" : {
          "type" : "number"
        },
        "amountCurrency" : {
          "type" : "string"
        },
        "paymentMode" : {
          "type" : "string"
        },
        "account" : {
          "$ref" : "#/definitions/BankAccount"
        },
        "cardInfo" : {
          "$ref" : "#/definitions/BankCard"
        }
      }
    },
    "BillPayment" : {
      "type" : "object",
      "properties" : {
        "amount" : {
          "type" : "number"
        },
        "amountCurrency" : {
          "type" : "string"
        },
        "paymentMode" : {
          "type" : "string"
        },
        "account" : {
          "$ref" : "#/definitions/BankAccount"
        },
        "cardInfo" : {
          "$ref" : "#/definitions/BankCard"
        },
        "dueDate" : {
          "type" : "string"
        }
      }
    },
    "CreditCardBillPayment" : {
      "type" : "object",
      "properties" : {
        "amount" : {
          "type" : "number"
        },
        "amountCurrency" : {
          "type" : "string"
        },
        "paymentMode" : {
          "type" : "string"
        },
        "account" : {
          "$ref" : "#/definitions/BankAccount"
        },
        "cardInfo" : {
          "$ref" : "#/definitions/BankCard"
        },
        "dueDate" : {
          "type" : "string"
        }
      }
    },
    "AccountStatementItem" : {
      "type" : "object",
      "properties" : {
        "sequenceId" : {
          "type" : "integer"
        },
        "transactionNature" : {
          "type" : "string"
        },
        "currentBalance" : {
          "type" : "number"
        },
        "paymentDetail" : {
          "$ref" : "#/definitions/Payment"
        },
        "generatedDate" : {
          "type" : "string"
        }
      }
    },
    "CreditCardStatementInquiryRequest" : {
      "type" : "object",
      "properties" : {
        "serviceHeader" : {
          "$ref" : "#/definitions/ServiceHeader"
        },
        "transactionInfo" : {
          "$ref" : "#/definitions/TransactionInfo"
        },
        "accountDetail" : {
          "$ref" : "#/definitions/BankAccount"
        },
        "cardStatementRequest" : {
          "type" : "object",
          "properties" : {
            "cardInfo" : {
              "$ref" : "#/definitions/BankCard"
            },
            "content" : {
              "type" : "string"
            },
            "period" : {
              "type" : "string"
            },
            "hierarchicalTrxns" : {
              "type" : "string"
            },
            "levelDepth" : {
              "type" : "string"
            },
            "transactionMemos" : {
              "type" : "string"
            },
            "includeTransactionExtensions" : {
              "type" : "string"
            },
            "isoCodeType" : {
              "type" : "string"
            }
          }
        }
      }
    },
    "CreditCardStatementInquiryResponse" : {
      "type" : "object",
      "properties" : {
        "serviceHeader" : {
          "$ref" : "#/definitions/ServiceHeader"
        },
        "transactionInfo" : {
          "$ref" : "#/definitions/TransactionInfo"
        },
        "responseHeader" : {
          "$ref" : "#/definitions/ResponseHeader"
        },
        "accountDetail" : {
          "$ref" : "#/definitions/BankAccount"
        },
        "statementItemList" : {
          "type" : "array",
          "items" : {
            "$ref" : "#/definitions/AccountStatementItem"
          }
        }
      }
    },
    "CreditCardBillInquiryRequest" : {
      "type" : "object",
      "properties" : {
        "serviceHeader" : {
          "$ref" : "#/definitions/ServiceHeader"
        },
        "transactionInfo" : {
          "$ref" : "#/definitions/TransactionInfo"
        },
        "cardBillInquiryRequest" : {
          "type" : "object",
          "properties" : {
            "cardInfo" : {
              "$ref" : "#/definitions/BankCard"
            },
            "content" : {
              "type" : "string"
            },
            "period" : {
              "type" : "string"
            },
            "hierarchicalTrxns" : {
              "type" : "string"
            },
            "levelDepth" : {
              "type" : "string"
            },
            "transactionMemos" : {
              "type" : "string"
            },
            "includeTransactionExtensions" : {
              "type" : "string"
            },
            "isoCodeType" : {
              "type" : "string"
            }
          }
        }
      }
    },
    "CreditCardBillInquiryResponse" : {
      "type" : "object",
      "properties" : {
        "serviceHeader" : {
          "$ref" : "#/definitions/ServiceHeader"
        },
        "transactionInfo" : {
          "$ref" : "#/definitions/TransactionInfo"
        },
        "responseHeader" : {
          "$ref" : "#/definitions/ResponseHeader"
        },
        "cardBillDetail" : {
          "$ref" : "#/definitions/CreditCardBillPayment"
        }
      }
    },
    "CreditCardStatusInquiryRequest" : {
      "type" : "object",
      "properties" : {
        "serviceHeader" : {
          "$ref" : "#/definitions/ServiceHeader"
        },
        "transactionInfo" : {
          "$ref" : "#/definitions/TransactionInfo"
        },
        "cardDetail" : {
          "$ref" : "#/definitions/BankCard"
        }
      }
    },
    "CreditCardStatusInquiryResponse" : {
      "type" : "object",
      "properties" : {
        "serviceHeader" : {
          "$ref" : "#/definitions/ServiceHeader"
        },
        "transactionInfo" : {
          "$ref" : "#/definitions/TransactionInfo"
        },
        "responseHeader" : {
          "$ref" : "#/definitions/ResponseHeader"
        },
        "cardStatus" : {
          "type" : "string"
        }
      }
    },
    "CreditCardDetailsInquiryRequest" : {
      "type" : "object",
      "properties" : {
        "serviceHeader" : {
          "$ref" : "#/definitions/ServiceHeader"
        },
        "transactionInfo" : {
          "$ref" : "#/definitions/TransactionInfo"
        },
        "cardInfo" : {
          "$ref" : "#/definitions/BankCard"
        }
      }
    },
    "CreditCardDetailsInquiryResponse" : {
      "type" : "object",
      "properties" : {
        "serviceHeader" : {
          "$ref" : "#/definitions/ServiceHeader"
        },
        "transactionInfo" : {
          "$ref" : "#/definitions/TransactionInfo"
        },
        "responseHeader" : {
          "$ref" : "#/definitions/ResponseHeader"
        },
        "cardInfo" : {
          "$ref" : "#/definitions/BankCard"
        }
      }
    },
    "CreditCardTransactionInquiryRequest" : {
      "type" : "object",
      "properties" : {
        "serviceHeader" : {
          "$ref" : "#/definitions/ServiceHeader"
        },
        "transactionInfo" : {
          "$ref" : "#/definitions/TransactionInfo"
        },
        "cardInfo" : {
          "$ref" : "#/definitions/BankCard"
        },
        "startDate" : {
          "type" : "string"
        },
        "endDate" : {
          "type" : "string"
        }
      }
    },
    "CreditCardTransactionInquiryResponse" : {
      "type" : "object",
      "properties" : {
        "serviceHeader" : {
          "$ref" : "#/definitions/ServiceHeader"
        },
        "transactionInfo" : {
          "$ref" : "#/definitions/TransactionInfo"
        },
        "responseHeader" : {
          "$ref" : "#/definitions/ResponseHeader"
        },
        "transactions" : {
          "type" : "array",
          "items" : {
            "$ref" : "#/definitions/CreditCardTransactions"
          }
        }
      }
    },
    "CardTransactionDetailRequest" : {
      "type" : "object",
      "properties" : {
        "serviceHeader" : {
          "$ref" : "#/definitions/ServiceHeader"
        },
        "transactionInfo" : {
          "$ref" : "#/definitions/TransactionInfo"
        },
        "cardTransactionDetailRequest" : {
          "type" : "object",
          "properties" : {
            "cardNo" : {
              "type" : "string"
            },
            "fromDate" : {
              "type" : "string"
            },
            "toDate" : {
              "type" : "string"
            }
          }
        }
      }
    },
    "CardTransactionDetailResponse" : {
      "type" : "object",
      "properties" : {
        "serviceHeader" : {
          "$ref" : "#/definitions/ServiceHeader"
        },
        "transactionInfo" : {
          "$ref" : "#/definitions/TransactionInfo"
        },
        "responseHeader" : {
          "$ref" : "#/definitions/ResponseHeader"
        },
        "cardTransactionDetailResponse" : {
          "type" : "array",
          "items" : {
            "type" : "object",
            "properties" : {
              "transactions" : {
                "type" : "object",
                "properties" : {
                  "cardNo" : {
                    "type" : "string"
                  }
                }
              }
            }
          }
        }
      }
    }
  }
}